country,2004
Afghanistan,0.5312651009954577
Angola,0.8357011694210883
Albania,0.083792403595245
Andorra,0.011742534067845752
UAE,0.033536290712283756
Argentina,0.0678457523919977
Armenia,0.1069875326181502
Antigua and Barbuda,0.04851647820624336
Australia,0.013337199188170487
Austria,0.009616313907412775
Azerbaijan,0.25678940755774626
Burundi,0.6230791533777907
Belgium,0.00971296027834155
Benin,0.5940852420991592
Burkina Faso,0.758384072678071
Bangladesh,0.32347540349859866
Bulgaria,0.05383202860732579
Bahrain,0.03788537740407848
Bahamas,0.058181115299120525
Bosnia and Herzegovina,0.02875229535130956
Belarus,0.029863728616990434
Belize,0.08814149028703973
Bolivia,0.27225282690634967
Brazil,0.11375277858316422
Barbados,0.06108050642698366
Brunei,0.031313424180922006
Bhutan,0.28288392770851456
Botswana,0.36213395187010733
Central African Republic,0.7873779839567024
Canada,0.014690248381173287
Switzerland,0.010341161689378566
Chile,0.030105344544312355
China,0.11230308301923263
Cote d'Ivoire,0.6182468348313521
Cameroon,0.6279114719242292
"Congo, Dem. Rep.",0.6762346573886151
"Congo, Rep.",0.43558519377597377
Colombia,0.09249057697883445
Comoros,0.47327727843819467
Cape Verde,0.11471924229245194
Costa Rica,0.03740214554943462
Cuba,0.020972262491543447
Cyprus,0.01029283850391418
Czech Republic,0.007345124190586645
Germany,0.008649850198125059
Djibouti,0.4273702522470282
Dominica,0.05866434715376438
Denmark,0.009374697980090847
Dominican Republic,0.165458587030057
Algeria,0.15434425437324828
Ecuador,0.10022228665313618
Egypt,0.16739151444863246
Eritrea,0.3268580264811057
Spain,0.008698173383589448
Estonia,0.022711897168261334
Ethiopia,0.550594375181212
Finland,0.003962501208079637
Fiji,0.09442350439740989
France,0.008021648787088043
"Micronesia, Fed. Sts.",0.2176476273315937
Gabon,0.3587513288876003
UK,0.014980187493959601
Georgia,0.11230308301923263
Ghana,0.4036918913694791
Guinea,0.6569053832028607
Gambia,0.4578138590895912
Guinea-Bissau,0.7148932057601237
Equatorial Guinea,0.6569053832028607
Greece,0.008698173383589448
Grenada,0.05576495602590123
Guatemala,0.19783512129119551
Guyana,0.19010341161689379
"Hong Kong, China",0.0014013723784671896
Honduras,0.13404851647820623
Holy See,0.13163235720498695
Croatia,0.019232627814825553
Haiti,0.427853484101672
Hungary,0.023630037692084663
Indonesia,0.22537933700589544
India,0.36068425630617573
Ireland,0.012225765922489609
Iran,0.11761863342031507
Iraq,0.1818884700879482
Iceland,0.0014013723784671896
Israel,0.01348216874456364
Italy,0.007586740117908573
Jamaica,0.083792403595245
Jordan,0.10167198221706776
Japan,0.0038658548371508644
Kazakhstan,0.1470957765535904
Kenya,0.3959601816951774
Kyrgyz Republic,0.1828549337972359
Cambodia,0.329274185754325
Kiribati,0.3055958248767759
St. Kitts and Nevis,0.07412776650236784
South Korea,0.013868754228278726
Kuwait,0.041268000386585485
Lao,0.42205470184594573
Lebanon,0.05914757900840824
Liberia,0.6520730646564222
Libya,0.10312167778099933
St. Lucia,0.07267807093843627
Liechtenstein,0.02822074031120132
Sri Lanka,0.12583357494926065
Lesotho,0.5795882864598435
Lithuania,0.030250314100705517
Luxembourg,0.003962501208079637
Latvia,0.039335072968010046
Morocco,0.18623755677974294
Monaco,0.007393447376051028
Moldova,0.08717502657775202
Madagascar,0.4046583550787668
Maldives,0.1161689378563835
Mexico,0.08862472214168358
Marshall Islands,0.17898907896008506
North Macedonia,0.053348796752681935
Mali,0.7728810283173867
Malta,0.01855610321832415
Myanmar,0.36841596598047743
Montenegro,0.04030153667729777
Mongolia,0.20460036725620953
Mozambique,0.6617377017492994
Mauritania,0.5216004639025805
Mauritius,0.06059727457233981
Malawi,0.5699236493669663
Malaysia,0.025321349183338168
Namibia,0.359717792596888
Niger,0.8695273992461584
Nigeria,0.7680487097709482
Nicaragua,0.12148448825746593
Netherlands,0.012032473180632067
Norway,0.005508843142939982
Nepal,0.2973808833478303
Nauru,0.17270706484971488
New Zealand,0.017686285879965204
Oman,0.049482941915531084
Pakistan,0.47810959698463323
Panama,0.09877259108920461
Peru,0.12293418382139752
Philippines,0.15434425437324828
Palau,0.11375277858316422
Papua New Guinea,0.30752875229535137
Poland,0.02300183628104765
North Korea,0.15434425437324828
Portugal,0.009857929834734703
Paraguay,0.13356528462356237
Palestine,0.11520247414709577
Qatar,0.036918913694790764
Romania,0.07847685319416257
Russia,0.05673141973518896
Rwanda,0.584420605006282
Saudi Arabia,0.07026191166521699
Sudan,0.4254373248284527
Senegal,0.47327727843819467
Singapore,0.0
Solomon Islands,0.12583357494926065
Sierra Leone,1.0
El Salvador,0.11230308301923263
San Marino,0.006910215521407172
Somalia,0.8163718952353339
Serbia,0.03189330240649464
South Sudan,0.7052285686672466
Sao Tome and Principe,0.3046293611674882
Suriname,0.13018266164105538
Slovak Republic,0.02628781289262588
Slovenia,0.0066685995940852436
Sweden,0.0033342997970426218
Eswatini,0.6230791533777907
Seychelles,0.05141586933410651
Syria,0.080409780612738
Chad,0.8163718952353339
Togo,0.5022711897168262
Thailand,0.07171160722914854
Tajikistan,0.2785348410167199
Turkmenistan,0.33507296801005126
Timor-Leste,0.4046583550787668
Tonga,0.06591282497342225
Trinidad and Tobago,0.11761863342031507
Tunisia,0.0978061273799169
Turkey,0.11810186527495893
Tuvalu,0.16400889146612543
Taiwan,0.020923939306079057
Tanzania,0.4684449598917561
Uganda,0.550594375181212
Ukraine,0.058181115299120525
Uruguay,0.058181115299120525
USA,0.024113269546728527
Uzbekistan,0.23649366966270416
St. Vincent and the Grenadines,0.09394027254276603
Venezuela,0.07751038948487486
Vietnam,0.10988692374601335
Vanuatu,0.12245095196675364
Samoa,0.0779936213395187
Yemen,0.35585193775973717
South Africa,0.3688991978351214
Zambia,0.5602590122740891
Zimbabwe,0.47810959698463323
